<annotation>
	<folder>Kobe Bryant</folder>
	<filename>kobe_(10).jpg</filename>
	<path>/Users/prabhnoorsingh/Downloads/Sports-celebrity images/Kobe Bryant/kobe_(10).jpg</path>
	<source>
		<database>Unknown</database>
	</source>
	<size>
		<width>556</width>
		<height>612</height>
		<depth>3</depth>
	</size>
	<segmented>0</segmented>
	<object>
		<name>kobe</name>
		<pose>Unspecified</pose>
		<truncated>0</truncated>
		<difficult>0</difficult>
		<bndbox>
			<xmin>129</xmin>
			<ymin>285</ymin>
			<xmax>228</xmax>
			<ymax>418</ymax>
		</bndbox>
	</object>
</annotation>
