<annotation>
	<folder>Kobe Bryant</folder>
	<filename>kobe_(12).jpg</filename>
	<path>/Users/prabhnoorsingh/Downloads/Sports-celebrity images/Kobe Bryant/kobe_(12).jpg</path>
	<source>
		<database>Unknown</database>
	</source>
	<size>
		<width>612</width>
		<height>406</height>
		<depth>3</depth>
	</size>
	<segmented>0</segmented>
	<object>
		<name>kobe</name>
		<pose>Unspecified</pose>
		<truncated>0</truncated>
		<difficult>0</difficult>
		<bndbox>
			<xmin>248</xmin>
			<ymin>74</ymin>
			<xmax>349</xmax>
			<ymax>138</ymax>
		</bndbox>
	</object>
</annotation>
