<annotation>
	<folder>Kobe Bryant</folder>
	<filename>kobe_(42).jpg</filename>
	<path>/Users/prabhnoorsingh/Downloads/Sports-celebrity images/Kobe Bryant/kobe_(42).jpg</path>
	<source>
		<database>Unknown</database>
	</source>
	<size>
		<width>394</width>
		<height>612</height>
		<depth>3</depth>
	</size>
	<segmented>0</segmented>
	<object>
		<name>kobe</name>
		<pose>Unspecified</pose>
		<truncated>0</truncated>
		<difficult>0</difficult>
		<bndbox>
			<xmin>142</xmin>
			<ymin>25</ymin>
			<xmax>259</xmax>
			<ymax>139</ymax>
		</bndbox>
	</object>
</annotation>
