<annotation>
	<folder>Kobe Bryant</folder>
	<filename>kobe_(2).jpg</filename>
	<path>/Users/prabhnoorsingh/Downloads/Sports-celebrity images/Kobe Bryant/kobe_(2).jpg</path>
	<source>
		<database>Unknown</database>
	</source>
	<size>
		<width>612</width>
		<height>450</height>
		<depth>3</depth>
	</size>
	<segmented>0</segmented>
	<object>
		<name>kobe</name>
		<pose>Unspecified</pose>
		<truncated>1</truncated>
		<difficult>0</difficult>
		<bndbox>
			<xmin>235</xmin>
			<ymin>8</ymin>
			<xmax>593</xmax>
			<ymax>450</ymax>
		</bndbox>
	</object>
</annotation>
