<annotation verified="yes">
	<folder>Kobe Bryant</folder>
	<filename>kobe_(51).jpg</filename>
	<path>/Users/prabhnoorsingh/Downloads/Sports-celebrity images/Kobe Bryant/kobe_(51).jpg</path>
	<source>
		<database>Unknown</database>
	</source>
	<size>
		<width>612</width>
		<height>408</height>
		<depth>3</depth>
	</size>
	<segmented>0</segmented>
	<object>
		<name>kobe</name>
		<pose>Unspecified</pose>
		<truncated>0</truncated>
		<difficult>0</difficult>
		<bndbox>
			<xmin>292</xmin>
			<ymin>16</ymin>
			<xmax>455</xmax>
			<ymax>160</ymax>
		</bndbox>
	</object>
</annotation>
